,OLS,Ridge,Lasso
active_residents,-9.995402018260963,-0.7504449870692951,0.0
process_recording_count,3.5941302558188077,1.4105283545970575,0.0
home_visitation_count,-0.18847218135305516,0.5830433061984439,0.0
incident_count,-1.3132075040387654,-0.7603919989417388,0.0
partner_count,-1.2335821847865116,-0.2163785639790653,0.0
capacity_utilization,8.60328053433169,1.2561642719704176,0.0
region_Mindanao,-2.3235825344562384,0.07979252032379724,0.0
region_Visayas,0.5637462726505104,-0.8094212782242836,0.0
